text,label
"The new smartphone features advanced AI capabilities and 5G connectivity",Technology
"Cloud computing platforms provide scalable infrastructure for businesses",Technology
"Machine learning algorithms can analyze big data efficiently",Technology
"The latest laptop offers high performance with long battery life",Technology
"Cybersecurity measures protect against online threats and hackers",Technology
"Software developers use Python and JavaScript for web applications",Technology
"Virtual reality headsets create immersive gaming experiences",Technology
"Artificial intelligence is revolutionizing the technology industry",Technology
"Data scientists use statistical models to predict trends",Technology
"The new processor chip delivers faster computing speeds",Technology
"Blockchain technology enables secure digital transactions",Technology
"Internet of Things devices connect homes and offices",Technology
"Quantum computing promises breakthrough computational power",Technology
"Mobile apps are developed using cross-platform frameworks",Technology
"Network security protocols prevent unauthorized access",Technology
"The football team won the championship with a last-minute goal",Sports
"Basketball players train intensively for the upcoming tournament",Sports
"Olympic athletes compete for gold medals in various events",Sports
"The tennis match lasted five sets in an exciting finale",Sports
"Soccer fans celebrated their team's victory in the stadium",Sports
"Baseball pitchers practice their throwing techniques daily",Sports
"Marathon runners completed the race in record time",Sports
"Hockey teams battle for playoff positions this season",Sports
"Volleyball players spike the ball over the net skillfully",Sports
"Cricket matches attract millions of viewers worldwide",Sports
"Swimming competitions showcase incredible athletic ability",Sports
"Golf tournaments feature the world's best players",Sports
"Boxing champions defend their titles in the ring",Sports
"Track and field events highlight speed and endurance",Sports
"Rugby teams compete in intense physical matches",Sports
"Regular exercise and balanced diet improve overall wellness",Health
"Doctors recommend annual health checkups for disease prevention",Health
"Meditation and yoga reduce stress and promote mental health",Health
"Adequate sleep is essential for physical and cognitive function",Health
"Vaccination programs protect communities from infectious diseases",Health
"Drinking water and staying hydrated maintains body functions",Health
"Nutritious meals provide vitamins and minerals for health",Health
"Mental health awareness helps people seek professional support",Health
"Physical therapy assists patients in recovering from injuries",Health
"Preventive medicine focuses on avoiding illness before it starts",Health
"Cardiovascular exercise strengthens the heart and lungs",Health
"Healthy eating habits prevent chronic diseases like diabetes",Health
"Medical research develops new treatments for various conditions",Health
"Wellness programs encourage healthy lifestyle choices",Health
"Healthcare professionals provide essential medical services",Health
"The restaurant serves authentic Italian pasta and pizza dishes",Food
"Fresh vegetables and fruits are essential for nutritious meals",Food
"The chef prepared gourmet dinner with locally sourced ingredients",Food
"Baking homemade bread fills the kitchen with delicious aroma",Food
"The dessert menu features chocolate cake and vanilla ice cream",Food
"Organic produce is grown without synthetic pesticides or fertilizers",Food
"Breakfast buffet includes scrambled eggs, bacon, and pancakes",Food
"Spicy curry with rice creates a flavorful Indian meal",Food
"The coffee shop offers espresso, cappuccino, and latte drinks",Food
"Grilled chicken salad makes a healthy and satisfying lunch",Food
"Sushi restaurants prepare fresh fish and seafood dishes",Food
"Mexican tacos are filled with seasoned meat and vegetables",Food
"French cuisine features wine, cheese, and fine dining",Food
"Asian noodles are cooked with vegetables and savory sauce",Food
"Barbecue ribs are smoked slowly for tender, flavorful meat",Food
